#{"t_start": 1768863339.5236511, "env_id": "None"}
r,l,t
19305.966722,2500,17.96251
21811.893172,2500,34.254527
-65522.909644,2500,49.42277
-28587.821609,2500,64.974859
-64595.119804,2500,81.922237
19133.304767,2500,96.816161
84.216097,29,96.991764
347.833361,27,97.134788
21691.770448,2500,122.799161
-1297.476262,1026,128.230741
-67569.422045,2500,142.956859
-4007.944651,2500,159.896708
-44105.134916,2500,181.786055
-3552.839059,2500,195.29767
-3555.70607,2500,219.467999
-3554.159762,2500,244.84393
-3555.338113,2500,258.520938
-227.26312,943,270.228809
-121.225731,57,270.61851
-1740.164473,92,271.23986
477.189767,42,271.529261
21781.971588,2500,284.748538
-2707.418564,167,285.64162
567.843369,290,287.768654
1313.598241,119,288.432215
-192.481092,123,289.084023
-2889.677693,139,289.925405
-2644.538218,128,290.601587
-3284.068208,154,291.4527
2014.340326,169,292.886721
1537.061285,124,293.648057
21196.385058,2500,309.818802
1617.123879,125,310.503769
1956.11404,154,311.376989
-1609.969573,105,311.993087
-840.046336,48,312.256385
21248.08776,2500,327.069129
-27860.919243,2500,339.806578
-30657.041483,2500,364.060457
20976.788357,2500,380.59855
-3693.336771,97,381.261421
-15606.511738,2500,396.992483
-15609.107731,2500,420.949635
-15607.257781,2500,443.23077
-15613.93,2500,458.170162
21835.72068,2500,474.069495
-15603.545656,2500,489.464283
-1126.276322,58,489.773516
-29776.68262,2500,503.982292
21208.687346,2500,523.240622
-63739.242489,2500,536.093948
-64852.33062,2500,553.719349
-75125.681012,2500,566.30586
-3832.553178,121,566.960076
4480.578428,373,570.563557
445.71635,50,570.859252
4593.082189,515,573.48523
15636.957543,1699,584.233964
1791.191943,303,585.937337
-1353.754091,71,586.32958
-4537.800856,134,587.038009
13612.616471,988,591.96418
-109039.468409,2500,616.242973
21704.008222,2500,631.683069
5819.492055,666,635.128451
992.052932,2500,650.316465
-3554.348982,2500,672.667149
-3811.448057,2500,697.851584
-3555.139237,2500,711.441407
-43608.537523,2500,735.017451
-3554.408556,2500,760.461608
-3555.803327,2500,773.266509
23490.651575,2500,798.164523
-26159.030037,2500,814.551222
-3554.826851,2500,836.266609
-3554.297922,2500,862.306279
-3554.17212,2500,875.960389
-3554.5804,2500,900.461767
-3554.945414,2500,916.3178
16456.347064,2500,937.999097
-3557.031156,2500,960.739921
-3555.044752,2500,974.334274
-3555.789852,2500,997.496662
-3554.767037,2500,1010.729823
-3690.855925,2500,1034.246226
-3557.155953,2500,1059.580684
-3553.120975,2500,1072.446215
-3554.907071,2500,1096.49056
-3553.904419,2500,1118.943342
-3555.741172,2500,1133.698423
-3554.935707,2500,1158.612199
-3639.426469,2500,1172.336186
-3554.603423,2500,1196.504272
-3597.7475,2500,1220.167626
-2445.287057,231,1221.417695
-424.361233,786,1226.116093
-7913.579797,1220,1232.41557
-56773.223205,2500,1257.212142
-5381.559293,1606,1265.444448
-2361.318358,1734,1285.734829
-1746.748205,1913,1296.283166
30842.055687,2500,1320.333328
-4337.614583,2500,1335.725327
27407.145936,2500,1358.635093
-37027.228753,2500,1372.085833
8672.306772,2500,1396.375783
11307.869186,2500,1418.153004
-3995.913107,2500,1433.198311
-3720.634418,2500,1456.48048
-3556.052656,2500,1478.483525
-3554.443723,2500,1494.028241
-3555.103587,2500,1516.824084
-3555.1914,2500,1530.884996
-3555.412193,2500,1555.17198
-1305.441593,2500,1578.631495
-15619.962516,2500,1593.980563
-3859.567728,2500,1616.982128
-3554.160185,2500,1632.315733
1418.115952,589,1643.542283
83.240062,18,1643.69875
-2314.327097,118,1644.37977
1349.166018,106,1644.90351
366.921525,73,1645.315336
21576.400987,2500,1660.122038
339.439281,178,1661.323668
585.987356,57,1661.687874
-2348.127169,151,1662.655102
-257.306297,124,1663.528292
160.677074,86,1664.120024
260.386788,20,1664.24736
383.170337,261,1665.902384
-1873.771103,93,1666.466284
-749.467344,94,1667.116316
-2102.083482,135,1668.452838
-3194.60942,118,1669.12762
-1909.476385,120,1669.847285
-1341.174016,72,1670.217122
-25580.428607,2500,1682.816137
-1124.457317,58,1683.150657
-1807.35465,102,1683.706671
-3741.304191,105,1684.2696
-1690.188867,101,1685.717112
-162.406675,179,1686.703902
-721.67533,106,1687.454819
1713.55354,164,1688.64247
-741.670163,125,1689.4442
332.692324,25,1689.613714
1876.888721,143,1690.648138
-1099.242596,118,1691.505121
-1447.852063,73,1702.011947
21792.133652,2500,1714.825174
21908.808725,2500,1738.565228
-6016.251256,470,1741.055516
21658.740398,2500,1755.469831
-1509.027712,122,1756.49797
850.593393,180,1766.913795
1478.161256,309,1768.47674
21583.577143,2500,1781.500979
-32.008812,74,1781.957032
-3834.237265,429,1785.700948
-10712.157928,469,1788.686333
475.861387,39,1788.943286
143.55832,17,1789.084347
-1538.906137,431,1800.966002
-571.549476,307,1802.61766
21667.606206,2500,1816.511687
21312.968971,2500,1840.991701
-2824.831564,134,1841.718532
1214.449666,109,1842.291826
1151.808303,270,1843.64445
21674.587308,2500,1869.347588
-72876.791677,2500,1882.665689
21246.593084,2500,1900.122742
-1500.341311,653,1903.567186
-65463.183101,2500,1918.479178
-50229.524753,2500,1933.131583
-40674.214986,2500,1957.045645
-3554.363186,2500,1970.423881
-3554.676042,2500,1995.569113
-3555.085162,2500,2019.089934
-36434.931875,2500,2033.162419
-3555.366346,2500,2057.900785
-3554.232239,2500,2071.099888
-3555.16744,2500,2095.516019
-3555.725168,2500,2119.00612
-3556.608743,2500,2132.847487
-3751.153214,2500,2157.721719
-3555.46414,2500,2181.475787
-3556.233169,2500,2195.696489
-3554.537794,2500,2221.633095
-3553.963465,2500,2236.087947
-3555.253947,2500,2259.401945
29212.209508,2500,2282.791219
-3555.604597,2500,2298.016856
-3554.249896,2500,2320.428097
-3554.727258,2500,2335.973176
-3553.969109,2500,2358.381408
-1234.162953,2213,2379.839545
-2071.852651,243,2381.195468
-9168.860616,881,2385.739555
-1826.339568,109,2386.309151
2852.758496,219,2387.407377
-845.228543,152,2388.205182
571.873725,50,2388.492306
1317.65426,112,2389.122737
-593.759417,202,2390.249936
-5025.526899,152,2391.142317
-650.730312,161,2391.994973
-2821.437364,306,2393.664826
-5068.382251,387,2396.675252
-740.129434,211,2397.991369
-5721.258189,680,2404.03054
-2831.043421,141,2405.071688
2135.782923,175,2406.253999
-27080.425452,2500,2419.426018
-2413.033897,126,2420.105042
220.22823,150,2420.897888
-25854.361512,2500,2438.265188
-1732.567375,95,2438.893446
-26832.236057,2500,2452.362574
-15596.545336,2500,2468.80148
21796.953006,2500,2484.412635
-1893.519006,220,2485.5299
-65524.361035,2500,2500.966984
-15598.398154,2500,2524.899246
-15613.93,2500,2549.662907
-15613.93,2500,2566.425175
-15613.93,2500,2589.52384
-15611.413633,2500,2605.567568
-15605.955391,2500,2629.880074
-15608.871191,2500,2646.980296
21832.701173,2500,2662.793123
-15604.154004,2500,2685.593952
-28208.838172,2500,2701.230442
-15613.93,2500,2725.758667
-15606.294132,2500,2748.3715
-65527.483162,2500,2764.131515
-15613.93,2500,2786.206167
21362.945924,2500,2810.161391
-15604.23895,2500,2822.748863
-15604.309793,2500,2846.389872
-15606.913776,2500,2860.550608
21833.03733,2500,2879.372044
-15613.205852,2500,2897.427258
-15613.93,2500,2911.762666
21826.088769,2500,2927.715984
-65104.663425,2500,2942.382693
21826.088769,2500,2959.62716
-984.777768,134,2960.412245
21833.546339,2500,2983.394567
-15591.568875,2500,2999.083812
21666.128652,2500,3022.352453
21826.464927,2500,3045.459064
21787.150191,2500,3059.766483
21766.085733,2500,3081.793015
21796.253604,2500,3096.871629
-605.567344,138,3097.583994
21815.581973,2500,3120.894402
-26884.052417,2500,3139.863703
21807.670574,2500,3154.354039
-1650.80541,94,3154.828917
21511.336038,2500,3170.614307
-1512.351811,92,3171.13437
21694.812379,2500,3185.369996
15255.935347,1309,3202.205414
21935.4424,2500,3215.747788
21690.962625,2500,3238.257099
21829.663208,2500,3258.648868
2721.361311,198,3259.67732
21672.048949,2500,3272.590832
-96.445868,17,3272.72015
343.841547,43,3273.010836
-130.012863,122,3273.867713
-194.507246,136,3274.790116
-1946.022664,112,3275.544793
-28644.446625,2500,3292.651878
-33438.581024,2500,3306.796014
21666.625712,2500,3321.512764
21806.943154,2500,3341.735684
21816.134534,2500,3355.459011
21826.088769,2500,3378.150359
-2011.500511,101,3378.856009
-65136.625617,2500,3396.314866
21826.088769,2500,3410.550272
-28327.686334,2500,3425.955614
-3336.926294,96,3426.441113
-1394.220736,135,3427.129408
-65323.31879,2500,3450.617156
21826.088769,2500,3463.243955
-4175.701577,455,3466.246547
-15609.418789,2500,3486.153702
389.296785,30,3486.318195
-3768.75631,257,3487.56218
2577.944257,214,3488.683946
21545.740617,2500,3512.967122
21338.437932,2500,3526.721416
21665.132749,2500,3544.25221
-416.906647,148,3545.249609
-64262.797092,2500,3561.013794
19962.46607,2500,3575.839543
23717.855122,2500,3599.308886
21826.673508,2500,3615.403887
21826.088769,2500,3630.271726
21655.87176,2500,3654.839074
21833.46756,2500,3669.177803
-552.224232,88,3669.748632
-65512.938149,2500,3686.589653
-509.302486,109,3687.942355
21651.581202,2500,3701.947257
-28207.263774,2500,3716.079537
21821.291283,2500,3733.121843
-27957.145059,2500,3748.020873
-3717.23647,2500,3770.724974
21821.800499,2500,3785.840563
-3553.603189,2500,3801.11928
-3556.032715,2500,3825.432909
-3553.86171,2500,3837.875413
-3741.997387,2500,3863.312977
-3555.131065,2500,3888.637701
-3554.461781,2500,3901.248962
-3554.510268,2500,3925.175892
-3555.414691,2500,3938.34227
-3554.588654,2500,3962.680751
-3555.834974,2500,3987.004466
20255.979744,2500,3999.890048
-3555.407515,2500,4025.755062
-3553.866195,2500,4039.474245
1176.38206,317,4051.267596
-3556.881852,2500,4066.192383
-3583.249717,2500,4092.340936
-51138.50773,2500,4105.701732
-3762.721913,2500,4129.260561
-4032.195781,2500,4153.179207
-3555.557001,2500,4166.164726
-3555.74201,2500,4190.519418
26291.255812,2500,4205.306355
-3556.319368,2500,4231.046683
-3555.19115,2500,4254.721803
-3572.818552,2500,4272.4422
-3554.553251,2500,4296.121946
-3555.381887,2500,4312.342146
-3555.595123,2500,4338.993328
-3555.67382,2500,4361.753478
-3554.348849,2500,4378.978887
-3555.126786,2500,4407.554697
-3556.58766,2500,4421.474439
19505.741332,2361,4448.2414
-3555.839229,2500,4475.408598
-3554.192175,2500,4490.450623
-3556.427855,2500,4516.850152
-3554.451736,2500,4542.385532
-3555.89483,2500,4558.431803
-3555.930171,2500,4584.034127
-3555.395525,2500,4599.679032
-3554.369395,2500,4623.718661
-3556.059852,2500,4647.333503
-3556.503363,2500,4661.507215
-3555.505231,2500,4683.374206
-3555.885194,2500,4697.237481
-17196.904297,2500,4720.086571
26862.810818,2500,4743.586789
387.394724,69,4743.969997
-3554.184433,2500,4757.992583
-3555.706126,2500,4780.683448
-3555.622134,2500,4795.237977
-3554.013564,2500,4818.977169
-3557.370784,2500,4842.439835
-3556.074718,2500,4854.906288
-24151.418637,2500,4878.582468
-44177.31289,2500,4901.185171
-3766.981177,2500,4913.37677
-1177.283586,1583,4924.48148
-7952.466005,1060,4929.709358
-36904.29468,2500,4942.519583
1394.458866,339,4944.543241
847.619901,301,4947.145329
16.32575,35,4947.386035
1824.653393,159,4948.407684
-24456.527938,2500,4961.932618
608.103445,67,4962.306109
-3465.28467,180,4963.229322
-7848.137121,204,4964.246954
21826.564706,2500,4979.866055
-428.16329,63,4980.251893
-26828.80965,2500,4996.35013
-29160.100481,2500,5011.589837
-65517.575925,2500,5030.304055
-2838.020862,121,5031.035477
-116.105752,144,5032.966184
2052.822771,183,5034.35921
-3144.217508,166,5035.71701
21760.633654,2500,5049.85284
21708.209632,2500,5062.131056
21706.970362,2500,5085.903094
-385.176564,41,5086.133407
21826.311556,2500,5101.519905
-1481.086207,127,5102.334124
21833.39049,2500,5125.31859
-4890.545126,129,5126.146457
-74657.978719,2500,5145.96154
-1410.254632,71,5146.332732
21813.800259,2500,5159.296904
21546.918023,2500,5179.105739
-2339.351624,116,5179.877366
21794.564943,2500,5203.839689
21826.084134,2500,5216.532027
21713.155482,2500,5239.847264
21786.305292,2500,5252.270228
-2056.709801,310,5253.718694
-28686.865703,2500,5273.231793
21833.03733,2500,5296.176842
-15603.696599,2500,5310.155212
-15604.74046,2500,5335.166475
-65524.360307,2500,5348.168463
-15603.375326,2500,5367.304583
-27358.761889,2500,5389.760821
-4277.601321,115,5390.513908
21806.082858,2500,5405.912866
21786.107177,2500,5420.87232
-15602.814316,2500,5444.948512
-1256.670719,64,5445.318279
20245.586006,2500,5459.515265
-15603.216178,2500,5482.468396
21781.844027,2500,5498.486617
-1497.716783,82,5499.068371
-1790.276744,156,5500.134194
19227.183835,2500,5521.986955
-2775.234201,76,5522.368187
-1575.642745,79,5522.764612
21826.084134,2500,5545.383259
21551.653691,2500,5559.068764
-3062.011118,122,5559.777488
21708.91964,2500,5581.449384
21804.473652,2500,5605.494262
21832.654694,2500,5617.946604
-3169.888511,155,5618.995509
-15593.20917,2500,5642.604971
21805.071665,2500,5656.772668
21636.139925,2500,5677.867911
-27989.327799,2500,5693.472709
-3555.752597,2500,5707.13662
20853.514343,2500,5723.64309
-3556.618516,2500,5745.709598
-3555.1912,2500,5758.590618
21833.39049,2500,5781.138555
21704.613784,2500,5794.203142
21656.121614,2500,5817.486398
-12169.650649,2500,5834.130234
21670.783543,2500,5847.908099
21696.129259,2500,5871.47635
-28088.631626,2500,5884.078173
-74790.619148,2500,5908.616867
26545.26727,2500,5930.398043
-27464.325113,2500,5945.379884
-3554.092255,2500,5969.505762
20641.604775,2500,5982.868217
-3555.555865,2500,6007.469802
-1858.777575,844,6011.620439
-3555.728894,2500,6028.273265
84.203752,29,6028.456461
-3554.723709,2500,6043.469665
21612.487117,2500,6067.051123
-3554.328212,2500,6089.42019
21813.153428,2500,6104.47607
21826.088769,2500,6125.441704
-2513.333976,2092,6138.869092
21696.116439,2500,6160.878783
21696.131293,2500,6184.850874
-3777.826638,224,6185.933499
16930.782921,2500,6202.577709
-61646.787459,2500,6218.475682
21761.138071,2500,6242.533258
20636.832053,2500,6254.917848
21826.088769,2500,6278.086426
21706.119714,2500,6292.024091
20633.594892,2500,6315.194908
21819.970977,2500,6339.588018
-28393.077633,2500,6353.437436
21826.088769,2500,6376.806073
21674.153941,2500,6391.0992
21696.127812,2500,6413.807009
-5985.137935,2500,6435.860521
-28343.870729,2500,6448.932249
-4393.041274,133,6449.759623
21805.192448,2500,6466.105356
1904.666371,149,6466.820391
-27940.003951,2500,6489.017524
-15598.232333,2500,6502.522271
-2155.565829,178,6503.39077
-15567.883942,2500,6528.243849
21206.791085,2500,6540.59113
-15592.797954,2500,6565.269619
21826.084134,2500,6586.99979
21744.406484,2500,6600.830609
-15552.816642,2500,6623.152879
21826.088769,2500,6637.395428
21826.088769,2500,6653.531837
84.467154,16,6653.658336
10419.564019,2500,6676.232744
-4281.490442,2500,6690.916274
-3763.599792,2500,6712.067532
-28712.710901,2500,6736.301026
21826.088769,2500,6750.242369
-36903.924991,2500,6772.493664
21656.342335,2500,6789.229088
21671.656563,2500,6804.331343
21826.084134,2500,6829.469586
21704.62326,2500,6843.253724
-3556.339437,2500,6866.814925
-3555.799614,2500,6880.885081
-694.102015,145,6881.832373
17264.790217,2500,6904.85917
21620.496203,2500,6928.969524
19632.880881,2500,6943.021873
21342.042907,2500,6967.234848
-33514.134924,2500,6981.667386
-31532.967975,2500,7004.524527
19454.948013,2500,7028.923219
20862.554622,2500,7041.488695
21804.598258,2500,7066.234748
21830.678117,2500,7089.500925
21635.773344,2500,7101.712623
21767.576638,2500,7124.979656
21675.647279,2500,7136.847791
19785.124026,2500,7159.366825
19602.412165,2500,7184.444305
-27951.57146,2500,7196.459457
21804.111597,2500,7214.545603
-15603.92558,2500,7226.510345
-15606.71048,2500,7251.765971
21826.088769,2500,7273.498983
-15602.265989,2500,7288.686121
-15604.39771,2500,7312.566046
-15604.31249,2500,7325.535113
-15602.598543,2500,7349.954503
-65464.004547,2500,7372.174803
-65132.158781,2500,7386.028093
21826.084134,2500,7401.395567
21826.088769,2500,7424.123969
-1846.175084,154,7424.90872
-65324.877357,2500,7439.217635
-27986.999938,2500,7461.677742
-15522.542315,2500,7477.128729
21805.174095,2500,7501.182345
21701.453764,2500,7521.49678
-29128.657525,2500,7536.469207
-29725.782789,2500,7558.678046
21786.99175,2500,7572.44038
21826.088769,2500,7596.330098
21829.563246,2500,7619.14781
21826.088769,2500,7632.704835
-29088.990488,2500,7655.413923
21826.084134,2500,7676.955716
21767.120432,2500,7690.34314
-12156.372167,524,7693.530617
21782.63522,2500,7713.269952
-4577.43079,2308,7729.167937
-3555.42647,2500,7751.113563
21696.13099,2500,7775.219335
21826.088769,2500,7790.430449
21826.088769,2500,7812.284492
21820.643021,2500,7829.346868
20624.540242,2500,7851.804878
245.488318,34,7852.078534
84.256965,27,7852.324744
21796.246404,2500,7875.258202
-3556.103247,2500,7890.309433
21826.155845,2500,7913.184653
-1311.035763,68,7913.6313
-65493.171091,2500,7936.926812
21761.066291,2500,7952.769872
21792.3627,2500,7970.888353
-3555.753706,2500,7987.044627
245.299983,39,7987.318041
-23977.690879,2500,8008.158066
-64950.335918,2500,8031.446059
-64382.987487,2500,8045.571329
-65439.710552,2500,8060.865624
-27610.428412,2500,8073.502343
-27046.151686,2500,8089.032762
-12163.896843,2500,8103.159093
21826.088769,2500,8118.320838
-3809.174035,2500,8133.588874
-3561.43,2500,8147.660085
-3561.421085,2500,8169.988208
-3561.43,2500,8195.033051
-3561.390766,2500,8207.602263
-3561.429973,2500,8230.798967
-3561.421111,2500,8254.096455
-3561.43,2500,8268.010035
-3561.43,2500,8292.2405
-3561.43,2500,8304.029339
-3561.429938,2500,8328.143515
-3561.43,2500,8352.123107
-3561.429938,2500,8364.460858
-3561.43,2500,8389.264062
-3561.43,2500,8400.809877
-3561.43,2500,8424.174718
-3561.43,2500,8443.652375
-3561.277306,2500,8456.984419
-3561.43,2500,8470.395562
-3561.411909,2500,8482.239519
-3561.43,2500,8504.163769
-3553.078071,2500,8527.872159
-3561.43,2500,8540.540762
-3561.43,2500,8564.823754
-3561.43,2500,8587.785007
-3561.41805,2500,8599.802693
-3561.421085,2500,8623.604156
-3561.43,2500,8635.618544
-3561.394936,2500,8659.65787
-3555.680704,2500,8681.282039
-3561.394936,2500,8695.755952
-3561.346794,2500,8719.752758
-3561.43,2500,8731.729375
-3561.390766,2500,8754.031158
-3561.43,2500,8776.491039
-3561.43,2500,8789.638954
-3561.43,2500,8811.083858
-3561.429938,2500,8825.00979
-3561.43,2500,8846.197523
-3561.421085,2500,8869.432343
-3561.43,2500,8882.812883
-3561.43,2500,8905.176498
-3551.768278,2500,8929.960265
-4433.33,2500,8942.47172
-3849.93,2500,8965.108164
32415.78875,2500,8977.706665
-3999.91805,2500,9001.17872
-3561.421085,2500,9024.074903
-3561.43,2500,9036.643769
-3561.417058,2500,9060.055699
-3561.43,2500,9071.93746
-3561.41805,2500,9094.727717
-3619.52569,2500,9115.344804
-3561.43,2500,9128.991997
-3561.281602,2500,9151.942182
21826.08875,2500,9166.442821
-3561.43,2500,9188.008498
-4018.911985,2500,9206.93235
-6630.309974,2500,9223.790076
-11134.475107,2500,9236.386126
-15340.941647,2500,9252.611999
21826.088769,2500,9266.048913
21691.691945,2500,9281.564004
-27892.15626,2500,9295.038687
21596.155242,2500,9311.851953
21756.775635,2500,9335.110049
-25369.39757,2500,9347.872729
21743.121814,2500,9365.102692
21284.940714,2500,9378.200317
-27836.991228,2500,9399.785064
21826.087964,2500,9413.274987
802.178305,429,9415.349448
1063.008082,254,9416.557416
1551.207243,112,9417.135776
855.003223,70,9417.477307
19542.402999,2500,9433.794949
-3499.005178,513,9444.414803
-29216.238254,2500,9458.387676
1287.093008,444,9460.479111
-947.673597,278,9461.817152
19601.690614,2500,9475.953734
21826.088784,2500,9500.737451
-3747.036623,576,9503.484891
18910.533481,2500,9517.398047
21455.850127,2500,9539.905206
21700.647037,2500,9560.350715
-12624.088808,602,9563.364203
-49503.956145,2500,9575.230533
-1654.040283,787,9579.416429
2132.767957,560,9584.553228
84.444467,18,9584.703988
19284.718589,2500,9598.646898
1696.545469,752,9602.298554
-281.00729,133,9602.927739
63.271284,161,9603.681427
-3735.392202,2500,9626.01769
-8275.694202,957,9630.67586
3354.087319,474,9633.124848
-3555.265776,2500,9657.742759
21475.479903,2500,9679.521991
22021.803097,2500,9693.180577
6222.119004,2500,9713.24388
-23163.474043,2500,9727.765261
-15051.567418,2500,9742.031662
2680.339774,1181,9747.666087
-3554.733375,2500,9771.69644
-3555.592496,2500,9792.95249
-3555.274376,2500,9806.494904
-2466.22314,1974,9817.043338
3598.729768,1499,9825.721364
-562.491235,214,9826.723763
2939.27679,1040,9831.882915
4718.982319,558,9835.581799
-3556.664987,2500,9848.916759
-1342.358419,441,9851.150162
1982.171819,147,9851.89078
23157.494621,2500,9873.102977
-2134.074858,723,9877.360894
-16837.333133,2500,9892.848668
3702.246484,520,9895.342385
-5295.08284,2206,9907.610252
-3555.484672,2500,9921.473996
360.753386,115,9922.017869
-3553.633914,2500,9937.992358
-3554.541391,2500,9951.75513
-3554.794567,2500,9975.124422
-3798.41788,2500,9987.55482
-3556.080062,2500,10011.292447
-3555.7697,2500,10032.549809
-3554.451574,2500,10044.893536
-3555.584271,2500,10064.448059
-3556.064276,2500,10076.433536
-3555.989999,2500,10095.997225
-3555.136582,2500,10116.495371
-3555.722914,2500,10129.677258
-3555.382467,2500,10151.834318
-3554.60078,2500,10175.096385
-3555.746408,2500,10186.959812
-3556.605821,2500,10211.969025
-3555.612821,2500,10224.787202
-3554.940058,2500,10248.054991
-3555.60278,2500,10273.672016
-3555.532867,2500,10285.962722
-3553.854561,2500,10310.392544
-3554.57294,2500,10325.67897
-3553.809179,2500,10347.811107
-3556.089088,2500,10371.951611
-3556.894393,2500,10384.651913
-3556.207472,2500,10407.74569
-3554.861976,2500,10421.738739
-3556.026426,2500,10446.245122
-3555.07788,2500,10469.021041
-3554.723116,2500,10482.62871
-3555.7569,2500,10505.408277
-3556.599074,2500,10529.155409
-3554.809126,2500,10542.420791
-3555.714618,2500,10566.452156
-3555.172385,2500,10580.137319
-3554.986362,2500,10603.364332
-3555.490125,2500,10626.80708
-3555.074046,2500,10641.058736
-3556.077847,2500,10664.890305
-3553.656597,2500,10678.601234
-3556.042592,2500,10700.073874
-3555.002456,2500,10726.405482
-3556.186674,2500,10739.071273
-3555.747598,2500,10762.393316
-3554.707745,2500,10778.123458
-3556.598794,2500,10799.036032
-3554.170724,2500,10822.672717
-3553.636885,2500,10837.51378
-3554.27211,2500,10860.05324
-3554.430922,2500,10872.360599
-3554.192225,2500,10896.502286
-3554.50759,2500,10921.52827
-3555.663795,2500,10933.766249
-3553.508999,2500,10958.894002
-3554.947381,2500,10981.749449
-3553.448369,2500,10994.94719
-3555.009701,2500,11018.911402
-3556.088552,2500,11032.390663
-3555.166835,2500,11056.103036
-3554.354301,2500,11079.586251
-3555.843803,2500,11091.977681
-3554.175214,2500,11114.531588
-3555.544578,2500,11127.438411
-3556.800722,2500,11150.460838
-3555.117759,2500,11174.68647
-3556.087598,2500,11188.714081
-3554.827288,2500,11210.415092
-3555.50083,2500,11225.507521
-3556.703726,2500,11248.381769
-3554.769072,2500,11270.935618
-3556.276428,2500,11285.039319
-3555.120105,2500,11307.827362
-3553.703883,2500,11331.422087
-3553.746644,2500,11345.157081
-3556.11224,2500,11366.553343
-3554.583891,2500,11380.659161
-3554.466209,2500,11402.886491
-3555.915001,2500,11426.027905
-3554.923155,2500,11440.118197
-3554.941215,2500,11461.576614
-3554.567675,2500,11475.824432
-3556.286762,2500,11500.227624
-3554.720953,2500,11522.423185
-3555.400744,2500,11537.858102
-3554.589071,2500,11560.906639
-3555.56741,2500,11574.883103
-3555.790957,2500,11597.649347
-3554.854363,2500,11619.854238
-3554.653655,2500,11633.502185
-3554.181716,2500,11656.978006
-3554.090546,2500,11680.339639
-3554.486803,2500,11692.778192
-3555.416053,2500,11716.160205
-3554.322968,2500,11728.973182
-3554.782756,2500,11752.847328
-3557.263689,2500,11777.21925
-3554.507727,2500,11789.769612
-3555.372409,2500,11813.182447
-3554.89095,2500,11825.667437
-3556.203791,2500,11849.211016
-3554.924597,2500,11871.447341
-3555.031943,2500,11886.943109
-3554.995232,2500,11909.603716
-3554.413203,2500,11922.352661
-3555.326291,2500,11946.979831
-3556.067565,2500,11969.167604
-3555.93784,2500,11984.074201
-3555.199598,2500,12007.702025
-3554.291134,2500,12029.511172
-3554.326693,2500,12043.754443
-3554.243741,2500,12066.96854
-3555.365712,2500,12081.742584
-3554.942539,2500,12103.919071
-3557.066359,2500,12128.252988
-3554.785067,2500,12142.878666
-3554.046229,2500,12164.376739
-3554.426557,2500,12178.15273
-3555.174547,2500,12200.238257
-3554.530362,2500,12223.332588
-3556.257229,2500,12235.576189
-3554.570687,2500,12260.829149
-3555.090626,2500,12274.041692
-3553.999745,2500,12298.241714
-3555.607549,2500,12322.492666
-3555.067999,2500,12335.779211
-3553.821994,2500,12358.258085
-3554.984843,2500,12370.334652
-3554.022172,2500,12394.959718
-3554.647026,2500,12417.312132
-3555.380964,2500,12431.398873
-3556.100106,2500,12454.034058
-3553.61597,2500,12477.736678
-3555.248454,2500,12490.285534
-3554.893127,2500,12514.179171
-3555.490915,2500,12528.058963
-3555.661235,2500,12551.392126
-3556.957483,2500,12574.394
-3553.619055,2500,12588.417488
-3554.528626,2500,12612.377824
-3554.218164,2500,12626.135229
-3555.109075,2500,12649.036541
-3554.238992,2500,12670.807523
-3553.687367,2500,12686.111425
-3554.458907,2500,12707.425218
-3554.357116,2500,12723.738071
-3555.151175,2500,12747.68873
-3555.203312,2500,12768.320439
-3556.300902,2500,12784.792441
-3557.02894,2500,12806.729108
-3553.868372,2500,12829.478778
-3554.508626,2500,12841.992664
-3555.372264,2500,12865.10588
-3554.935464,2500,12877.192764
-3554.29851,2500,12902.210879
-3554.101197,2500,12925.187083
-3553.897811,2500,12937.167653
-3555.071799,2500,12960.05635
-3554.774764,2500,12973.354562
-3554.886468,2500,12997.064565
-3555.179579,2500,13021.51063
-3555.058897,2500,13033.32552
-3555.26628,2500,13057.051847
-3555.014952,2500,13068.882453
-3555.20916,2500,13091.389728
-3555.76713,2500,13114.15433
-3555.545715,2500,13127.012933
-3555.188078,2500,13150.877309
-3556.528637,2500,13172.803397
-3554.544614,2500,13187.351863
-3556.023547,2500,13210.46145
-3554.489977,2500,13225.415886
-3556.471763,2500,13246.359465
-3555.385658,2500,13268.484965
-3554.556327,2500,13282.952121
-3554.343467,2500,13305.099578
-3554.001637,2500,13319.61203
-3554.925801,2500,13342.86828
-3554.421122,2500,13366.507066
-3555.859846,2500,13378.702267
-3555.390786,2500,13403.081986
-3554.577535,2500,13417.860321
-3554.634934,2500,13440.252061
-3555.813432,2500,13463.426216
-3555.434939,2500,13476.323545
-3555.416107,2500,13499.428015
-3556.787399,2500,13524.091162
-3555.61201,2500,13536.332878
-3555.120039,2500,13560.597286
-3555.785686,2500,13573.605383
-3557.309198,2500,13595.015903
-3553.855024,2500,13620.481862
-3556.168209,2500,13633.853524
-3555.262723,2500,13656.330644
-3553.835101,2500,13671.677076
-3556.030368,2500,13694.683552
-3555.278151,2500,13714.758005
-3556.5925,2500,13731.904238
-3554.872379,2500,13755.559385
-3555.571647,2500,13768.476692
-3553.792078,2500,13791.795153
-3554.92442,2500,13814.83956
-3556.634917,2500,13829.453688
-3555.543402,2500,13854.76368
-3556.213262,2500,13866.737104
-3554.874572,2500,13890.773
-3555.159374,2500,13913.795362
-3556.266367,2500,13927.934427
-3554.723184,2500,13951.426315
-3555.101732,2500,13973.56965
-3555.920529,2500,13988.516026
-3555.802252,2500,14010.051186
-3554.856316,2500,14025.314157
-3555.391703,2500,14046.790374
-3556.113384,2500,14071.281039
-3553.977179,2500,14083.609721
-3554.395786,2500,14106.017255
-3555.612965,2500,14118.998286
-3554.902528,2500,14142.277769
-3555.388585,2500,14165.690528
-3554.916133,2500,14177.672881
-3554.887654,2500,14201.944958
-3556.042873,2500,14213.859361
-3555.78282,2500,14237.729043
-3554.02076,2500,14260.90644
-3554.432314,2500,14274.224647
-3554.83319,2500,14297.29445
-3553.112568,2500,14319.527856
-3555.026575,2500,14333.275357
-3556.834507,2500,14355.811584
-3555.59457,2500,14369.787855
-3554.799879,2500,14393.932385
-3554.936462,2500,14416.480917
-3554.332365,2500,14431.222434
-3556.172578,2500,14453.321548
-3555.233521,2500,14468.271112
-3555.776739,2500,14490.242382
-3556.452125,2500,14514.972668
-3555.434059,2500,14528.381616
-3554.685233,2500,14552.107336
-3555.244538,2500,14566.527042
-3554.951343,2500,14589.008921
-3554.774117,2500,14613.424644
-3555.430525,2500,14625.489949
-3555.023706,2500,14649.671246
-3555.148185,2500,14672.58125
-3555.417357,2500,14685.306106
-3554.36311,2500,14708.435
-3554.868033,2500,14720.429718
-3555.413152,2500,14743.845273
-3554.307835,2500,14767.793745
-3555.910853,2500,14779.787494
-3553.534348,2500,14805.679502
-3554.930359,2500,14818.253277
-3555.327663,2500,14844.368447
-3555.608833,2500,14867.751637
-3555.80931,2500,14880.173971
-3555.482657,2500,14903.890822
-3554.744176,2500,14919.225209
-3555.993451,2500,14941.571558
-3554.260798,2500,14965.924028
-3556.127855,2500,14977.951769
-3557.160531,2500,15000.979837
-3554.455448,2500,15024.906475
-3555.30806,2500,15037.760209
-3554.277219,2500,15062.614756
-3556.978989,2500,15075.13269
-3555.078845,2500,15099.520333
-3554.227409,2500,15122.965209
-3555.006004,2500,15135.06754
-3554.292648,2500,15156.944388
-3554.306914,2500,15171.123246
-3555.607625,2500,15194.027329
-3554.264609,2500,15219.196499
-3553.989516,2500,15233.053167
-3554.651463,2500,15256.731461
-3555.100589,2500,15272.114232
-3554.722515,2500,15294.801616
-3554.262992,2500,15316.907338
-3554.443745,2500,15332.53914
-3554.593735,2500,15355.465868
-3555.386681,2500,15369.379438
-3554.239506,2500,15394.127409
-3553.355582,2500,15415.55473
-3554.491953,2500,15431.893858
-3554.591521,2500,15456.580323
-3554.402937,2500,15477.629178
-3554.570908,2500,15494.846346
-3556.164816,2500,15517.250633
-3554.779007,2500,15532.610279
-3553.432789,2500,15556.596122
-3554.014163,2500,15577.648921
-3554.259717,2500,15593.799581
-3555.555269,2500,15615.752999
-3554.62159,2500,15630.383651
-3556.135191,2500,15653.291397
-3555.651855,2500,15676.42365
-3554.572606,2500,15691.995183
-3555.485826,2500,15713.679392
-3554.46456,2500,15729.116374
-3555.499865,2500,15750.451187
-3554.977981,2500,15773.05701
-3554.394316,2500,15787.400204
-3556.198969,2500,15811.04698
-3554.724413,2500,15835.363937
-3555.327604,2500,15848.995394
-3554.81016,2500,15872.212026
-3556.260325,2500,15886.766214
-3555.818693,2500,15909.119173
-3554.328017,2500,15934.024477
-3553.989189,2500,15948.24467
-3557.199755,2500,15971.104839
-3555.573756,2500,15986.595617
-3554.115235,2500,16009.495371
-3553.934589,2500,16034.095754
-3555.980464,2500,16047.243997
-3554.958764,2500,16070.158531
-3555.013953,2500,16081.997912
-3556.026387,2500,16107.474201
-3555.275102,2500,16130.407002
-3554.553567,2500,16143.408865
-3555.883309,2500,16168.364892
-3556.443236,2500,16189.549201
-3555.633068,2500,16204.678022
-3556.550027,2500,16227.432593
-3555.093077,2500,16240.978542
-3552.889967,2500,16264.381202
-3555.161462,2500,16286.025815
-3554.316143,2500,16299.242549
-3555.031088,2500,16320.544662
-3555.350191,2500,16334.049236
-3554.546543,2500,16354.593065
-3554.647852,2500,16378.308552
-3554.016028,2500,16390.234308
-3555.685769,2500,16414.098501
-3555.830403,2500,16426.046386
-3555.38498,2500,16450.214288
-3555.322718,2500,16473.825434
-3554.259858,2500,16485.582731
-3556.138748,2500,16507.90826
-3554.040302,2500,16522.216738
-3554.253527,2500,16544.288661
-3555.63264,2500,16569.610538
-3555.591088,2500,16582.835171
-3555.380326,2500,16606.221487
-3554.548952,2500,16628.694728
-3555.588043,2500,16642.930062
-3555.089203,2500,16666.222236
-3554.943734,2500,16682.284211
-3555.194324,2500,16704.474734
-3555.823468,2500,16726.643994
-3555.051325,2500,16740.754144
-3554.892636,2500,16762.72493
-3555.677009,2500,16777.80624
-3555.123831,2500,16799.952791
-3555.771422,2500,16822.309688
-3553.241536,2500,16838.640633
-3555.528393,2500,16861.062561
-3554.437561,2500,16875.076393
-3554.280087,2500,16898.597201
-3556.140532,2500,16922.890317
-3554.579422,2500,16934.879048
-3555.59875,2500,16960.319674
-3554.385908,2500,16983.850357
-3557.146704,2500,16997.605767
-3554.081692,2500,17022.973336
-3556.159114,2500,17034.973536
-3554.586639,2500,17060.652001
-3553.184034,2500,17083.702754
-3555.064831,2500,17095.500177
-3556.781167,2500,17118.152
-3553.721058,2500,17131.305432
-3555.132861,2500,17154.147997
-3555.681243,2500,17176.208105
-3553.736792,2500,17189.325056
-3555.58342,2500,17212.205599
-3555.637383,2500,17227.063617
-3555.947766,2500,17248.205815
-3555.856704,2500,17270.836113
-3554.651599,2500,17283.652825
-3553.909299,2500,17306.536503
-3555.415538,2500,17328.718733
-3555.482829,2500,17341.748488
-3554.335215,2500,17364.980894
-3555.166211,2500,17377.189074
-3555.234732,2500,17401.670005
-3554.50124,2500,17423.453705
-3554.541657,2500,17437.520323
-3555.411333,2500,17461.19903
-3553.950514,2500,17474.802853
-3555.342869,2500,17497.40254
-3554.88763,2500,17518.170036
-3555.394048,2500,17530.957446
-3554.618441,2500,17554.30819
-3554.735075,2500,17569.130674
-3556.235282,2500,17592.343189
-3554.051937,2500,17617.7611
-3553.989796,2500,17632.66612
-3554.684356,2500,17655.808562
-3556.898946,2500,17678.355289
-3556.080004,2500,17693.718212
-3555.061058,2500,17716.344793
-3555.184078,2500,17731.016399
-3555.165714,2500,17754.654514
-3554.511709,2500,17775.603265
-3553.51004,2500,17792.013057
-3556.031411,2500,17814.099295
-3555.026023,2500,17829.132993
-3555.656979,2500,17853.563224
-3555.237602,2500,17874.714998
-3555.564195,2500,17890.710547
-3555.944003,2500,17912.719358
-3555.308196,2500,17927.228394
-3555.849159,2500,17950.1192
-3553.267585,2500,17973.123805
-3555.338403,2500,17988.532065
-3553.687972,2500,18010.047396
-3554.446594,2500,18021.956518
-3554.751755,2500,18047.206486
-3554.550394,2500,18070.062402
-3556.369703,2500,18083.810797
-3555.636779,2500,18107.782059
-3556.899831,2500,18130.30451
-3554.307323,2500,18144.193088
-3556.581078,2500,18167.967685
-3554.726411,2500,18180.184845
-3554.755212,2500,18204.322939
-3556.154682,2500,18223.227501
-3555.539256,2500,18236.948664
-3555.157945,2500,18260.15384
-3554.737502,2500,18274.165973
-3554.799143,2500,18297.648346
-3556.377254,2500,18322.61576
-3557.305016,2500,18335.971985
-3553.453642,2500,18359.478554
-3554.10285,2500,18372.728642
-3554.957188,2500,18396.240373
-3554.3955,2500,18418.339659
-3554.854728,2500,18433.657372
-3555.410461,2500,18454.676975
-3553.832014,2500,18479.037194
-3556.101613,2500,18494.099875
-3556.068563,2500,18515.547357
-3554.598406,2500,18532.730475
-3555.226283,2500,18554.655114
-3553.806974,2500,18578.790664
-3555.560339,2500,18594.633061
-3553.918372,2500,18615.212281
-3554.571882,2500,18632.479963
-3555.337663,2500,18655.657598
-3556.377722,2500,18677.833885
-3553.979636,2500,18695.152102
-3554.662764,2500,18715.823161
-3555.782809,2500,18731.260461
-3556.744905,2500,18754.547408
-3555.173678,2500,18778.695924
-3554.385281,2500,18791.624731
-3554.568752,2500,18815.788793
-3554.137521,2500,18839.434335
-3555.643957,2500,18853.913958
-3555.004879,2500,18876.997626
-3555.169883,2500,18890.77739
-3554.370453,2500,18914.02516
-3554.449309,2500,18938.825964
-3554.607336,2500,18952.203275
-3555.253251,2500,18976.056692
-3554.037248,2500,18988.699289
-3554.548271,2500,19012.725665
-3553.930541,2500,19036.978908
-3554.072708,2500,19050.687791
-3554.306107,2500,19074.08928
-3555.760305,2500,19087.890354
-3554.442928,2500,19111.114084
-3553.777736,2500,19136.741072
-3554.83362,2500,19149.865578
-3557.247288,2500,19172.717871
-3555.886279,2500,19195.319828
-3555.69222,2500,19209.078676
-3553.993412,2500,19235.020711
-3555.878262,2500,19249.592912
-3554.400538,2500,19272.156892
-3553.976521,2500,19295.444554
-3555.554852,2500,19311.562813
-3555.873122,2500,19332.881036
-3556.513115,2500,19350.196017
-3554.205319,2500,19373.454978
-3554.662526,2500,19396.260885
-3554.91617,2500,19413.234961
-3554.409276,2500,19433.948623
-3553.565167,2500,19450.076505
-3555.735005,2500,19474.622273
-3554.903934,2500,19496.359678
-3554.921159,2500,19513.106196
-3555.257449,2500,19535.18106
-3554.299324,2500,19550.928719
-3554.933303,2500,19575.458321
-3554.592708,2500,19596.74295
-3555.493063,2500,19613.788075
-3555.016911,2500,19635.376394
-3555.292926,2500,19659.768232
-3555.512754,2500,19676.107436
-3555.880653,2500,19697.39852
-3554.66658,2500,19714.610493
-3554.305646,2500,19735.786986
-3555.952267,2500,19760.450687
-3556.033548,2500,19775.221282
-3554.175037,2500,19798.073962
-3554.202619,2500,19814.93237
-3554.716119,2500,19838.192247
-3555.165615,2500,19860.761669
-3554.465155,2500,19876.224368
-3555.720027,2500,19898.753834
-3555.275514,2500,19911.125534
-3555.429951,2500,19935.157112
-3555.004967,2500,19958.676751
-3555.946646,2500,19971.40059
-3554.398644,2500,19996.405632
-3554.425405,2500,20020.280981
-3556.275186,2500,20033.569028
-3556.05472,2500,20058.253711
-3554.55768,2500,20070.594956
-3555.706189,2500,20095.979549
-3554.396721,2500,20119.092063
-3554.438254,2500,20132.84805
-3555.230254,2500,20156.892423
-3554.074314,2500,20171.249636
-3554.743266,2500,20193.641763
-3554.400472,2500,20218.489106
-3554.00537,2500,20231.687271
-3555.211002,2500,20255.313768
-3553.950469,2500,20268.946582
-3555.613302,2500,20291.86307
-3553.617539,2500,20315.850445
-3554.94054,2500,20329.719549
-3553.094679,2500,20353.830841
-3555.116605,2500,20375.174484
-3555.188224,2500,20391.711078
-3555.442383,2500,20412.690413
-3554.67486,2500,20428.488847
-3554.331311,2500,20450.4521
-3555.85303,2500,20473.258081
-3553.749808,2500,20485.754697
-3554.228488,2500,20510.068606
-3554.613666,2500,20524.444726
-3554.390604,2500,20546.915134
-3554.316036,2500,20569.606668
-3554.420207,2500,20583.411031
-3555.252205,2500,20606.478416
-3555.125277,2500,20620.371763
-3553.856224,2500,20644.360723
-3554.917248,2500,20667.234848
-3555.957035,2500,20679.81031
-3555.810315,2500,20703.583659
-3553.818814,2500,20727.845949
-3555.277618,2500,20741.522073
-3555.493321,2500,20765.297649
-3555.961193,2500,20779.340959
-3553.793498,2500,20802.071575
-3554.554615,2500,20823.936009
-3554.375219,2500,20840.448948
-3556.2524,2500,20863.370709
-3554.773502,2500,20876.767278
-3555.232523,2500,20900.150836
-3554.371217,2500,20921.95198
-3555.79003,2500,20937.412738
-3556.59289,2500,20958.449199
-3554.21007,2500,20973.900442
-3555.442751,2500,20996.971797
-3554.337031,2500,21019.772592
-3555.792123,2500,21034.527717
-3554.400757,2500,21055.440609
-3554.050249,2500,21070.835796
-3554.42707,2500,21092.082784
-3556.025342,2500,21116.597533
-3557.946881,2500,21132.144623
-3554.003923,2500,21154.001957
-3554.77357,2500,21178.280344
-3554.378446,2500,21192.466562
-3553.882522,2500,21215.54057
-3554.9287,2500,21231.122231
-3555.992828,2500,21254.021715
-3553.855042,2500,21278.658776
-3554.48885,2500,21293.270731
-3555.63527,2500,21315.801566
-3556.710486,2500,21330.946619
-3554.828844,2500,21356.38831
-3553.895546,2500,21378.440094
-3554.58967,2500,21392.540339
-3556.690848,2500,21417.844664
-3556.152802,2500,21430.605603
-3554.912308,2500,21454.888278
-3554.441177,2500,21478.457109
-3554.205222,2500,21491.017659
-3554.110412,2500,21515.720561
-3554.973082,2500,21538.251086
-3555.832928,2500,21552.609606
-3555.472938,2500,21576.774049
-3555.117949,2500,21589.466992
-3555.29162,2500,21614.540859
-3555.021888,2500,21635.695731
-3555.377656,2500,21651.793007
-3554.568735,2500,21676.540632
-3555.364532,2500,21688.958263
-3555.839308,2500,21714.203434
-3554.506883,2500,21736.664912
-3554.18919,2500,21752.531694
-3555.896838,2500,21776.751198
-3555.388306,2500,21788.824487
-3554.274654,2500,21812.975418
-3555.837177,2500,21835.493959
-3555.349906,2500,21850.371317
-3554.544649,2500,21872.476051
-3556.315023,2500,21896.276039
-3554.473254,2500,21911.027338
-3555.723937,2500,21933.949275
-3554.247473,2500,21947.837777
-3554.422151,2500,21971.441934
-3554.616158,2500,21995.15738
-3554.446429,2500,22008.470617
-3555.526904,2500,22032.960068
-3554.574979,2500,22047.576372
-3556.891227,2500,22070.290013
-3554.519371,2500,22093.933294
-3556.081658,2500,22107.459553
-3554.833517,2500,22130.33305
-3555.681938,2500,22143.930323
-3555.467362,2500,22167.390762
-3554.338522,2500,22190.887054
-3555.378921,2500,22204.049539
-3553.891231,2500,22227.352511
-3554.323298,2500,22240.931897
-3556.935929,2500,22264.040914
-3554.701129,2500,22287.089988
-3554.739615,2500,22300.658666
-3554.66481,2500,22323.514433
-3554.014998,2500,22346.080631
-3554.593733,2500,22361.77922
-3554.646155,2500,22383.824383
-3554.298447,2500,22400.724527
-3554.81355,2500,22424.368733
-3556.164287,2500,22446.391757
-3555.899034,2500,22462.193826
-3554.652529,2500,22484.718228
-3553.526246,2500,22501.04672
-3553.972135,2500,22525.011052
-3556.024657,2500,22546.906018
-3556.069949,2500,22562.692225
-3553.865628,2500,22584.48169
-3554.831525,2500,22601.181971
-3556.380815,2500,22623.210444
-3554.597203,2500,22647.092379
-3554.842949,2500,22662.776438
-3554.514608,2500,22684.326373
-3554.713335,2500,22709.972641
-3555.216268,2500,22722.634101
-3555.408709,2500,22747.498558
-3554.883833,2500,22763.108719
-3554.447429,2500,22784.447515
-3555.14867,2500,22809.872596
-3552.951638,2500,22822.574886
-3555.313709,2500,22846.484005
-3555.212488,2500,22861.152265
-3555.685123,2500,22883.283921
-3554.200086,2500,22908.986423
-3556.110398,2500,22922.028603
-3553.496673,2500,22946.421296
-3555.238418,2500,22961.308378
-3554.619689,2500,22983.723126
-3554.757139,2500,23009.280853
-3555.851499,2500,23023.350282
-3555.183229,2500,23046.507493
-3556.426406,2500,23072.113836
-3554.950959,2500,23084.501676
-3555.655699,2500,23109.420011
-3555.981171,2500,23123.187536
-3555.722113,2500,23146.132706
-3554.854977,2500,23168.265538
-3554.961126,2500,23182.614731
-3554.90166,2500,23206.534162
-3554.33623,2500,23219.993953
-3554.318934,2500,23243.617683
-3554.339612,2500,23266.030542
-3555.189044,2500,23280.281124
-3555.001986,2500,23303.611477
-3554.962392,2500,23320.591022
-3556.230456,2500,23343.193562
-3555.214886,2500,23365.736702
-3554.330384,2500,23382.446703
-3555.800632,2500,23402.96694
-3554.195164,2500,23428.823704
-3555.923157,2500,23443.968853
-3554.713294,2500,23466.154062
-3555.130185,2500,23483.759721
-3555.178151,2500,23503.415344
-3554.486421,2500,23529.249361
-3554.389377,2500,23546.113463
-3555.316059,2500,23566.739841
-3555.675174,2500,23584.239853
-3554.79004,2500,23605.430474
-3555.74076,2500,23628.500768
-3554.804622,2500,23642.56481
-3553.79219,2500,23665.892501
-3555.01838,2500,23679.388515
-3554.557498,2500,23704.124969
-3555.059648,2500,23728.454048
-3556.168534,2500,23742.54444
-3554.281537,2500,23765.80654
-3555.680721,2500,23779.360256
-3555.261256,2500,23802.721307
-3555.850625,2500,23826.06502
-3554.520913,2500,23839.715228
-3592.388512,2500,23863.117066
-3554.647618,2500,23887.996613
-3555.298621,2500,23900.506028
-3555.648643,2500,23925.211692
-3555.083501,2500,23938.500857
-3556.027719,2500,23961.249894
-3554.007334,2500,23985.114889
-3556.948523,2500,23999.821278
-3556.106029,2500,24021.377069
-3554.971432,2500,24038.626675
-3554.629543,2500,24061.331981
-3554.550394,2500,24084.494737
-3556.041452,2500,24100.114466
-3555.777093,2500,24121.166826
-3555.097093,2500,24138.158274
-3556.775837,2500,24161.238095
-3555.943829,2500,24183.450425
-3554.444153,2500,24199.56735
-3556.448908,2500,24221.601949
-3553.788812,2500,24245.216994
-3554.914193,2500,24259.680594
-3556.349373,2500,24283.475061
-3555.782911,2500,24300.014393
-3556.939907,2500,24321.628466
-3553.578921,2500,24345.302678
-3555.125994,2500,24359.815427
-3555.003289,2500,24383.211205
-3555.126012,2500,24400.079668
-3556.094614,2500,24422.204893
-3554.618116,2500,24445.727929
-3553.964487,2500,24460.411857
-3555.017871,2500,24483.427056
-3554.031973,2500,24498.036577
-3556.27856,2500,24521.991059
-3553.438102,2500,24545.909084
-3556.774381,2500,24560.940558
-3556.407255,2500,24583.884974
-3556.221292,2500,24608.898336
-3554.373988,2500,24621.318517
-3555.174202,2500,24645.779892
-3555.802951,2500,24659.622065
-3554.685482,2500,24682.817491
-3554.639714,2500,24706.801335
-3555.304797,2500,24720.42016
-3554.742051,2500,24743.43348
-3554.723893,2500,24759.884147
-3554.520244,2500,24781.9633
-3555.836268,2500,24805.66562
-3556.075659,2500,24819.543631
-3553.809047,2500,24843.995283
-3554.324039,2500,24860.01305
-3555.394386,2500,24881.722092
-3556.855123,2500,24905.411609
-3555.151327,2500,24919.761919
-3553.344797,2500,24943.621156
-3553.831169,2500,24967.607056
-3556.054487,2500,24981.534946
-3554.382228,2500,25003.868342
-3555.510393,2500,25017.495218
-3555.38921,2500,25042.310466
-3554.514874,2500,25065.161137
-3556.066025,2500,25078.826991
-3553.700677,2500,25103.333617
-3554.599852,2500,25114.825202
-3554.755724,2500,25139.844133
-3555.210141,2500,25161.256293
-3554.735563,2500,25175.191653
-3555.050857,2500,25200.424188
-3555.693745,2500,25212.380332
-3554.90007,2500,25236.072398
-3555.033367,2500,25257.988048
-3554.74818,2500,25273.653311
-3556.815635,2500,25295.067065
-3555.765126,2500,25310.634027
-3555.332085,2500,25333.336897
-3555.823666,2500,25358.60565
-3556.331532,2500,25371.123178
-3555.622462,2500,25393.922456
-3554.50738,2500,25415.745074
-3554.857169,2500,25431.25588
-3554.339798,2500,25452.56199
-3556.698282,2500,25468.167233
-3554.441743,2500,25491.761727
-3554.474493,2500,25513.070969
-3556.229509,2500,25527.025415
-3554.981531,2500,25549.433653
-3553.794042,2500,25563.832271
-3555.698777,2500,25586.549987
-3554.92302,2500,25608.959593
-3555.744146,2500,25622.547727
-3555.376133,2500,25646.203059
-3552.902654,2500,25660.768221
-3555.49077,2500,25681.654268
-3555.859927,2500,25705.437058
-3555.166355,2500,25717.007934
-3555.526427,2500,25740.191029
-3554.226796,2500,25760.835892
-3555.445576,2500,25777.164525
-3554.60488,2500,25800.079942
-3554.864735,2500,25815.132021
-3555.647668,2500,25838.250736
-3556.245645,2500,25861.018859
-3553.14278,2500,25877.54462
-3554.432667,2500,25897.956875
-3553.224267,2500,25912.173981
-3555.178538,2500,25935.742739
-3556.004784,2500,25957.371811
-3554.797418,2500,25972.208338
-3554.506766,2500,25994.246773
-3555.199355,2500,26008.705799
-3555.583174,2500,26030.303358
-3556.170883,2500,26054.695264
-3554.605411,2500,26067.862486
-3555.427509,2500,26092.859126
-3555.156881,2500,26115.463372
-3556.808798,2500,26129.094373
-3555.510852,2500,26154.207911
-3556.584024,2500,26167.038755
-3555.551725,2500,26191.444498
-3555.315644,2500,26215.253299
-3555.389975,2500,26228.719229
-3555.333847,2500,26251.467471
-3555.484204,2500,26265.086683
-3555.650911,2500,26288.153673
-3553.790714,2500,26313.289016
-3555.329217,2500,26325.557889
-3553.738966,2500,26350.453709
-3554.647554,2500,26363.785158
-3555.907559,2500,26387.146892
-3555.409127,2500,26410.496693
-3554.227316,2500,26424.126331
-3555.484578,2500,26449.250718
-3555.639529,2500,26472.299271
-3554.863179,2500,26486.072891
-3555.006323,2500,26509.337657
-3555.121848,2500,26523.040344
-3556.247975,2500,26545.640128
-3553.63506,2500,26571.038205
-3554.18048,2500,26582.659458
-3556.507855,2500,26608.17046
-3555.824731,2500,26622.60527
-3555.098807,2500,26645.36416
-3555.992785,2500,26670.253571
-3554.853997,2500,26682.163641
-3554.281353,2500,26707.569107
-3554.66241,2500,26719.529928
-3554.82648,2500,26742.912333
-3555.11997,2500,26766.657728
-3555.040166,2500,26778.984292
-3556.656788,2500,26803.141884
-3554.830708,2500,26815.436167
-3555.756798,2500,26840.464423
-3555.481363,2500,26863.899331
-3554.082867,2500,26877.21831
-3555.679753,2500,26901.450083
-3555.472285,2500,26923.26131
-3554.746681,2500,26938.728527
-3555.475241,2500,26961.765419
-3555.366011,2500,26976.612787
-3554.23717,2500,27000.198346
-3553.739727,2500,27022.83142
-3556.182652,2500,27039.120547
-3555.343186,2500,27060.385124
-3554.560624,2500,27076.645808
-3555.550659,2500,27102.462474
-3554.035104,2500,27122.366238
-3554.686253,2500,27139.828528
-3554.648713,2500,27161.159723
-3554.966261,2500,27175.94551
-3554.792469,2500,27200.449633
-3553.60236,2500,27223.679492
-3555.258679,2500,27238.559674
-3555.710809,2500,27260.979006
-3554.914401,2500,27284.868472
-3556.108981,2500,27298.188034
-3554.766516,2500,27323.010001
-3554.745552,2500,27337.328236
-3555.023661,2500,27359.863138
-3554.830173,2500,27384.21539
-3556.11128,2500,27396.953648
-3556.104864,2500,27422.197078
-3554.531667,2500,27434.002524
-3555.904161,2500,27459.489341
-3553.948261,2500,27484.661155
-3555.410671,2500,27496.702543
-3555.092404,2500,27520.813596
-3556.261491,2500,27532.53841
-3555.819201,2500,27557.364076
-3554.417449,2500,27581.863042
-3555.657559,2500,27594.24471
-3554.52794,2500,27618.444129
-3555.091354,2500,27639.372772
-3554.52495,2500,27654.892046
-3556.493088,2500,27680.300135
-3554.330511,2500,27693.283562
-3554.021659,2500,27716.833347
-3554.905091,2500,27739.173869
-3556.599579,2500,27752.96309
-3555.006199,2500,27775.966765
-3554.781329,2500,27790.38241
-3556.208895,2500,27812.746474
-3554.821333,2500,27837.644501
-3555.059638,2500,27851.605506
-3556.980246,2500,27874.23846
-3555.535978,2500,27888.192418
-3554.196645,2500,27911.537816
-3555.871008,2500,27936.764133
-3555.025567,2500,27948.689535
-3554.280677,2500,27972.960444
-3556.223701,2500,27998.455115
-3556.065767,2500,28010.231692
-3555.635411,2500,28034.137425
-3554.516531,2500,28046.436207
-3555.737268,2500,28071.187149
-3555.804902,2500,28096.60723
-3556.130733,2500,28109.623748
-3555.527478,2500,28135.560279
-3554.968461,2500,28148.188176
-3557.656397,2500,28174.223871
-3554.275048,2500,28199.153525
-3555.655994,2500,28212.431901
-3554.53529,2500,28238.188205
-3555.260463,2500,28250.988125
-3556.073383,2500,28276.59608
-3555.800556,2500,28301.630758
-3553.316346,2500,28315.1527
-3555.731305,2500,28340.474834
-3553.864398,2500,28353.397517
-3553.818257,2500,28377.768512
-3555.993511,2500,28402.766444
-3555.940924,2500,28416.390604
-3555.547313,2500,28441.190794
-3554.904485,2500,28463.554234
-3554.238233,2500,28480.513647
-3553.590826,2500,28504.389058
-3555.37688,2500,28519.049531
-3554.491786,2500,28545.246713
-3556.53464,2500,28566.698118
-3555.656173,2500,28584.74913
-3556.081676,2500,28609.772521
-3556.237898,2500,28622.843552
-3554.536336,2500,28649.46121
-3555.729659,2500,28673.802838
-3554.84018,2500,28688.927665
-3556.026279,2500,28715.290279
-3554.639305,2500,28727.90839
-3553.814115,2500,28753.527409
-3554.165365,2500,28778.550404
-3555.297435,2500,28792.461005
-3557.01987,2500,28817.376261
-3554.908705,2500,28839.604057
-3556.21338,2500,28855.823635
-3554.414042,2500,28879.349449
-3554.997866,2500,28893.18883
-3553.750569,2500,28918.059398
-3553.440725,2500,28940.06565
-3555.436597,2500,28956.110467
-3555.468636,2500,28977.88356
-3555.104773,2500,28995.095119
-3555.702095,2500,29019.502926
-3554.310998,2500,29042.258026
-3553.835599,2500,29058.562778
-3553.52796,2500,29081.62995
-3556.111355,2500,29097.735203
-3553.857647,2500,29122.633528
-3554.449541,2500,29144.745137
-3555.810884,2500,29160.048136
-3554.983091,2500,29181.776813
-3556.051031,2500,29205.662262
-3555.121845,2500,29219.242169
-3555.153178,2500,29244.024508
-3555.738616,2500,29259.050534
-3555.189719,2500,29283.18522
-3556.360088,2500,29310.163525
-3554.919408,2500,29324.78887
-3555.153787,2500,29348.381805
-3553.635876,2500,29364.879721
-3556.908825,2500,29387.46597
-3557.000041,2500,29413.798067
-3554.146346,2500,29428.917918
-3555.89073,2500,29451.351021
-3557.040336,2500,29468.219088
-3556.032126,2500,29489.985298
-3555.494238,2500,29515.321966
-3554.043667,2500,29532.566055
-3554.831333,2500,29553.895888
-3556.711084,2500,29570.498324
-3553.783138,2500,29592.039699
-3554.674035,2500,29616.521994
-3555.98823,2500,29633.166409
-3554.683013,2500,29655.577636
-3554.296313,2500,29679.856596
-3553.993169,2500,29693.097574
-3555.636364,2500,29718.266462
-3556.732897,2500,29732.596887
-3554.360258,2500,29757.239713
-3557.362072,2500,29781.710875
-3554.628581,2500,29796.768577
-3554.338032,2500,29821.153937
-3554.021661,2500,29834.334702
-3556.48314,2500,29859.376162
-3555.542496,2500,29883.845723
-3555.789124,2500,29896.908466
-3556.177942,2500,29921.757692
-3555.344976,2500,29935.422465
-3555.080334,2500,29960.800899
-3557.148059,2500,29985.224347
-3555.148156,2500,29999.399067
-3555.139464,2500,30024.268142
-3555.360246,2500,30049.091215
-3555.045622,2500,30063.115856
-3555.019549,2500,30088.313393
-3553.79087,2500,30102.010739
-3554.323521,2500,30126.525076
-3555.753534,2500,30150.176684
-3554.315445,2500,30166.450786
-3553.838071,2500,30190.470529
-3555.502588,2500,30204.931188
-3553.685096,2500,30231.391459
-3555.824386,2500,30254.587957
-3554.533342,2500,30270.128011
-3554.900043,2500,30294.971534
-3554.981416,2500,30308.367164
-3554.462274,2500,30333.78123
-3555.626501,2500,30357.178098
-3556.997819,2500,30371.429323
-3554.752203,2500,30396.324961
-3554.437894,2500,30423.009752
-3554.53766,2500,30436.513098
-3555.923202,2500,30461.211417
-3554.0922,2500,30474.356943
-3554.324307,2500,30499.315469
-3554.050274,2500,30521.034436
-3555.356144,2500,30537.636316
-3555.442125,2500,30562.178689
-3555.380145,2500,30576.467791
-3554.34286,2500,30601.311113
-3556.236335,2500,30623.505772
-3554.878758,2500,30640.150418
-3554.581698,2500,30664.657944
-3553.600946,2500,30679.819874
-3556.36669,2500,30704.23008
-3555.832505,2500,30726.652111
-3555.689701,2500,30743.36683
-3555.113265,2500,30766.811489
-3556.464852,2500,30790.66573
-3555.456066,2500,30807.797658
-3554.216686,2500,30829.621141
-3557.371383,2500,30847.644944
-3555.130795,2500,30871.48034
-3555.310978,2500,30894.905696
-3553.689147,2500,30911.489187
-3555.174164,2500,30932.385835
-3554.786683,2500,30950.121111
-3554.459531,2500,30975.565513
-3554.168045,2500,30997.498852
-3554.923646,2500,31015.528162
-3554.553765,2500,31039.778772
-3555.200213,2500,31054.7913
-3555.299949,2500,31079.84627
-3555.445938,2500,31102.104591
-3556.020419,2500,31118.962771
-3554.439706,2500,31143.304579
-3555.867644,2500,31156.572784
-3554.113341,2500,31182.830768
-3553.92384,2500,31203.71668
-3555.092015,2500,31219.40122
-3554.41329,2500,31242.931122
-3555.764171,2500,31267.271194
-3554.666053,2500,31283.262031
-3554.907923,2500,31305.293607
-3554.444166,2500,31321.73956
-3555.547224,2500,31344.844995
-3556.314544,2500,31369.199054
-3553.845541,2500,31385.413075
-3557.026859,2500,31407.124245
-3554.003577,2500,31423.396941
-3556.013523,2500,31445.875854
-3554.013775,2500,31470.30428
-3556.639607,2500,31486.573661
-3555.222953,2500,31508.446319
-3555.847344,2500,31524.820163
-3555.093261,2500,31547.109387
-3554.603694,2500,31570.760755
-3554.737649,2500,31584.144946
-3554.003905,2500,31608.54651
-3555.761927,2500,31632.847377
-3554.733717,2500,31647.215249
-3554.548448,2500,31671.959929
-3556.078245,2500,31685.468843
-3554.43216,2500,31710.631975
-3554.436962,2500,31734.719465
-3555.253355,2500,31749.019286
-3553.750853,2500,31773.909946
-3554.503503,2500,31787.527599
-3554.995672,2500,31811.417746
-3554.508011,2500,31835.918676
-3555.696059,2500,31849.753874
-3554.662089,2500,31875.244937
-3555.790089,2500,31889.513474
-3555.841386,2500,31914.021395
-3556.072996,2500,31939.806979
-3553.782271,2500,31952.895473
-3553.842397,2500,31978.360939
-3555.614795,2500,32003.033167
-3555.301907,2500,32016.49149
-3554.77538,2500,32042.101802
-3555.157354,2500,32055.692286
-3554.72097,2500,32081.232479
-3554.43605,2500,32106.664561
-3555.726577,2500,32120.037597
-3553.89886,2500,32143.896816
-3554.25775,2500,32156.991574
-3553.931861,2500,32181.917626
-3556.645298,2500,32203.146068
-3554.647193,2500,32219.535096
-3553.59871,2500,32243.372906
-3554.558372,2500,32255.576945
-3554.808921,2500,32279.506254
-3554.986642,2500,32300.921028
-3555.471217,2500,32316.225123
-3554.878023,2500,32339.728685
-3555.531654,2500,32363.457242
-3553.469961,2500,32376.814377
-3554.195473,2500,32401.743132
-3554.520129,2500,32417.59772
-3554.87467,2500,32440.236994
-3554.179677,2500,32464.351449
-3554.074169,2500,32478.352052
-3556.673438,2500,32502.75284
-3555.421739,2500,32519.044689
-3554.976753,2500,32540.727305
-3555.455651,2500,32567.132641
-3553.768702,2500,32580.83045
-3555.435659,2500,32604.179418
-3556.980982,2500,32621.126155
-3554.376672,2500,32643.191798
-3555.331195,2500,32668.510717
-3555.066401,2500,32682.624395
-3555.828436,2500,32706.890244
-3557.41005,2500,32721.503733
-3554.019356,2500,32744.71042
-3555.276279,2500,32769.388613
-3555.976509,2500,32783.531439
-3555.277396,2500,32807.949126
-3555.697377,2500,32832.819576
-3555.499427,2500,32846.812297
-3556.721062,2500,32871.083166
-3555.467843,2500,32884.633921
-3556.119338,2500,32909.749331
-3555.539217,2500,32933.531042
-3554.5366,2500,32947.588339
-3555.412238,2500,32972.626171
-3555.755858,2500,32985.770465
-3554.160014,2500,33010.909828
-3555.25113,2500,33034.907114
-3555.331771,2500,33049.864148
-3555.011824,2500,33074.970855
-3556.46753,2500,33088.556164
-3555.923391,2500,33114.372112
-3555.443266,2500,33136.611483
-3554.144032,2500,33154.086706
-3554.436416,2500,33176.289159
-3555.134365,2500,33199.381894
-3555.504838,2500,33214.665197
-3557.373455,2500,33239.089686
-3554.393237,2500,33253.18995
-3554.137588,2500,33278.894124
-3556.578522,2500,33302.666791
-3554.145018,2500,33317.862474
-3554.19038,2500,33342.244399
-3556.600045,2500,33358.662791
-3555.338141,2500,33380.835147
-3555.047148,2500,33405.500106
-3555.011555,2500,33419.703852
-3555.3909,2500,33443.512743
-3554.65094,2500,33457.34731
-3553.997963,2500,33481.934188
-3554.139175,2500,33507.731553
-3555.984398,2500,33521.108116
-3554.087438,2500,33545.97375
-3554.123635,2500,33571.439595
-3554.208395,2500,33584.05659
-3554.137422,2500,33610.308797
-3553.995403,2500,33622.72432
-3554.677336,2500,33647.560228
-3553.473908,2500,33672.932564
-3555.784589,2500,33684.770041
-3554.844647,2500,33710.195513
-3554.64976,2500,33725.048408
-3553.856531,2500,33747.099698
-3554.334424,2500,33774.460832
-3555.184986,2500,33789.499403
-3554.270056,2500,33812.540518
-3553.672188,2500,33829.877351
-3554.164571,2500,33852.04198
-3555.011058,2500,33876.654358
-3556.68257,2500,33893.535838
-3555.45605,2500,33915.366913
-3555.409862,2500,33940.958252
-3554.80474,2500,33956.283491
-3553.211909,2500,33978.582232
-3555.823467,2500,33995.778318
-3553.850698,2500,34018.894877
-3555.346947,2500,34043.430651
-3553.317775,2500,34059.169566
-3555.26134,2500,34082.125582
-3555.217133,2500,34098.558624
-3553.005308,2500,34120.952329
-3554.768124,2500,34145.523272
-3555.637775,2500,34161.166905
-3554.908188,2500,34185.076192
-3555.147291,2500,34201.109848
-3554.70641,2500,34224.094111
-3555.356851,2500,34248.389481
-3555.06596,2500,34264.351998
-3555.778741,2500,34287.630634
-3553.935707,2500,34303.241663
-3554.302998,2500,34328.467673
-3555.366053,2500,34352.055676
-3555.809166,2500,34368.895039
-3555.212789,2500,34391.638975
-3555.74072,2500,34414.834015
-3555.685349,2500,34432.333606
-3553.56595,2500,34454.840902
-3554.884447,2500,34471.315963
-3553.503494,2500,34493.865827
-3554.264658,2500,34517.544785
-3553.975118,2500,34533.239909
-3554.132903,2500,34555.151529
-3555.78143,2500,34571.243848
-3555.725738,2500,34594.320933
-3554.257531,2500,34618.086812
-3554.276078,2500,34633.942452
-3555.830133,2500,34655.037349
-3555.805002,2500,34672.857018
-3555.373198,2500,34694.245667
-3553.686065,2500,34718.790048
-3554.732685,2500,34733.848649
-3554.560471,2500,34758.033957
-3556.06184,2500,34784.361272
-3553.721878,2500,34797.525032
-3554.478379,2500,34822.857377
-3555.981675,2500,34837.168538
-3554.592003,2500,34860.60238
-3554.248683,2500,34887.211873
-3555.86664,2500,34900.219872
-3554.782337,2500,34924.320431
-3555.105031,2500,34938.574408
-3555.268075,2500,34964.759252
-3553.868325,2500,34987.74753
-3554.539193,2500,35002.974399
-3553.732015,2500,35028.64123
-3552.965223,2500,35042.122505
-3553.930087,2500,35067.76289
-3555.43034,2500,35091.658014
-3554.269708,2500,35106.035572
-3554.477291,2500,35131.972548
-3555.419078,2500,35155.375467
-3553.797207,2500,35169.644926
-3556.070365,2500,35194.701926
-3555.311127,2500,35208.238143
-3553.745934,2500,35234.033621
-3554.895311,2500,35257.516639
-3554.390039,2500,35270.195586
-3555.868587,2500,35294.343808
-3555.348357,2500,35308.39627
-3552.988261,2500,35331.49619
-3553.945331,2500,35357.091339
-3555.460776,2500,35369.996705
-3553.075713,2500,35394.039547
-3554.930618,2500,35407.740541
-3554.234748,2500,35433.085585
-3554.564325,2500,35457.911771
-3554.745292,2500,35472.116466
-3555.715841,2500,35496.490957
-3553.945295,2500,35519.64393
-3555.814669,2500,35536.631002
-3556.115039,2500,35561.098061
-3556.09827,2500,35575.365317
-3556.646242,2500,35599.828953
-3555.392111,2500,35622.165664
-3555.408939,2500,35639.07994
-3554.500216,2500,35663.285399
-3555.310725,2500,35677.76808
-3555.006238,2500,35702.18646
-3554.80534,2500,35724.343673
-3555.965015,2500,35740.783945
-3555.07654,2500,35765.70383
-3553.764054,2500,35779.625018
-3557.514559,2500,35806.243703
-3554.520324,2500,35828.012925
-3553.995367,2500,35845.375025
-3555.43231,2500,35870.410794
-3553.568986,2500,35882.925653
-3555.10516,2500,35909.293078
-3554.638579,2500,35931.376766
-3555.854363,2500,35947.35153
-3554.022082,2500,35972.698925
-3555.922016,2500,35994.159243
-3554.801061,2500,36011.858878
-3553.471662,2500,36033.554876
-3555.090621,2500,36049.548489
-3554.542053,2500,36074.680731
-3553.598325,2500,36096.659072
-3553.518036,2500,36114.06255
-3556.241801,2500,36135.588664
-3554.081303,2500,36153.876708
-3556.223651,2500,36178.927799
-3555.243098,2500,36200.873223
-3557.342147,2500,36218.449368
-3722.298885,2500,36240.627992
-3555.860852,2500,36256.201766
-3554.929834,2500,36281.253259
-3554.261414,2500,36303.385218
-3554.708371,2500,36320.557421
-3554.693915,2500,36342.562631
-3555.5077,2500,36367.621651
-3554.563398,2500,36384.617865
-3556.48756,2500,36407.122155
-3553.845061,2500,36423.223831
-3555.446918,2500,36445.912469
-3555.226963,2500,36470.040435
-3555.938932,2500,36487.367778
-3555.976862,2500,36509.395517
-3553.859972,2500,36525.716407
-3554.377405,2500,36548.042496
-3554.958627,2500,36572.917965
-3553.841049,2500,36587.333302
-3554.669936,2500,36611.350317
-3554.1365,2500,36626.300383
-3554.397853,2500,36650.003628
-3556.085001,2500,36674.214235
-3555.933016,2500,36688.624815
-3554.733972,2500,36712.689502
-3554.019824,2500,36737.966017
-3555.002107,2500,36752.247704
-3554.679825,2500,36776.251111
-3555.915727,2500,36790.47911
-3555.6464,2500,36815.647174
-3555.724033,2500,36840.080295
-3555.076419,2500,36855.088298
-3554.234264,2500,36878.78059
-3556.420337,2500,36892.949743
-3553.964745,2500,36917.781691
-3554.884459,2500,36942.066752
-3556.041371,2500,36956.130743
-3555.052922,2500,36980.221986
-3554.472931,2500,36994.322899
-3556.088857,2500,37018.944077
-3554.534507,2500,37043.613058
-3555.611505,2500,37057.385802
-3554.857702,2500,37081.653844
-3556.403393,2500,37095.931932
-3555.870594,2500,37120.088417
-3555.126165,2500,37145.877539
-3555.559086,2500,37159.061141
-3554.93545,2500,37183.9581
-3554.863756,2500,37205.760245
-3552.979425,2500,37221.278768
-3553.735788,2500,37246.238943
-3555.566648,2500,37260.01106
-3555.319543,2500,37284.556577
-3555.572895,2500,37307.474109
-3555.246457,2500,37322.805715
-3554.210943,2500,37346.032938
-3556.108204,2500,37361.396752
-3554.302753,2500,37386.533318
-3556.306553,2500,37408.194745
-3553.95792,2500,37425.007031
-3554.813518,2500,37447.003319
-3555.887636,2500,37465.284423
-3554.735999,2500,37489.055694
-3718.84463,2500,37511.435876
-3554.164101,2500,37529.023741
-3555.784452,2500,37551.203846
-3556.379066,2500,37575.759341
-3554.819523,2500,37591.700305
-3555.68063,2500,37614.320497
-3553.872276,2500,37630.346002
-3732.424433,2500,37655.096837
-3554.715019,2500,37678.408909
-3885.778134,2500,37696.021848
-3555.425599,2500,37720.651874
-3555.603323,2500,37735.575826
-3710.484368,2500,37761.871183
-3556.980027,2500,37784.778793
-3554.62389,2500,37800.980687
-3709.776317,2500,37825.297409
-3555.988247,2500,37840.150099
-3554.578809,2500,37865.401464
-3555.157975,2500,37888.923179
-3556.390992,2500,37903.809637
-3554.440207,2500,37927.979552
-3555.516139,2500,37952.346189
-3555.437831,2500,37968.692993
-3643.752886,2500,37992.777118
15406.847154,2500,38007.382431
-3799.655481,2500,38033.480809
-3555.154836,2500,38056.299201
-3557.039884,2500,38072.142112
-3555.558756,2500,38095.96876
-3555.38549,2500,38110.472293
-3555.257076,2500,38133.126671
-3553.977592,2500,38158.137835
-3555.849529,2500,38173.442153
-3555.864268,2500,38196.951064
-3556.374517,2500,38211.982491
-3556.637666,2500,38235.47426
-3554.724886,2500,38259.79352
-3554.377729,2500,38274.757703
-3556.464777,2500,38298.527877
-3554.927421,2500,38321.817833
-3626.994828,2500,38335.537856
-3555.694994,2500,38360.697709
-3554.723587,2500,38373.905698
-3555.849919,2500,38398.831969
-3555.186349,2500,38424.104741
-3554.0016,2500,38437.906988
-3553.513039,2500,38462.503632
-3555.319897,2500,38475.000362
-3555.179346,2500,38501.14345
-3555.467574,2500,38525.414799
-3555.324092,2500,38539.270579
-3554.279418,2500,38564.859123
-3554.801705,2500,38577.216278
-3555.082331,2500,38601.742068
-3556.162498,2500,38626.528439
-3555.89583,2500,38639.5144
-3553.650568,2500,38664.213693
-3553.866741,2500,38677.48901
-3553.987281,2500,38702.411805
-3555.395805,2500,38727.759228
-3554.928645,2500,38740.99209
-3555.257627,2500,38767.166241
-3555.456665,2500,38788.872076
-3555.64272,2500,38805.82758
-3555.722702,2500,38830.198116
-3554.158916,2500,38843.817595
-3553.972994,2500,38869.097471
-3555.909798,2500,38891.141524
-3556.143386,2500,38904.274484
-3553.652182,2500,38930.795761
-3555.718508,2500,38943.801964
-3555.696604,2500,38967.266222
-3555.97655,2500,38992.198639
-3556.308666,2500,39004.783848
-3554.840661,2500,39028.497621
-3554.556755,2500,39045.230647
-3554.471904,2500,39070.6983
-3584.713967,2500,39094.634708
-3555.714773,2500,39109.515881
-3782.155601,2500,39133.46839
-3556.128603,2500,39156.991579
-3554.281089,2500,39172.070521
-3554.328059,2500,39194.462341
-3555.393533,2500,39210.482753
-3555.754232,2500,39232.804756
-3554.242044,2500,39258.654835
-3553.5579,2500,39272.257051
-3555.941309,2500,39296.581824
-3555.260133,2500,39313.650808
-3554.297439,2500,39336.361228
-3555.326096,2500,39362.251774
-3554.887371,2500,39376.221575
-3554.535825,2500,39402.363685
-3553.152184,2500,39417.344277
-3555.210938,2500,39440.887321
-3555.327614,2500,39466.952846
-3556.166075,2500,39480.664335
-3556.452581,2500,39505.747834
-3554.575729,2500,39529.221764
-3554.59775,2500,39544.040989
-3555.188323,2500,39570.276969
-3553.92483,2500,39584.339333
-3554.510519,2500,39608.829717
-3555.171035,2500,39630.761202
-3555.326461,2500,39646.944383
-3554.91946,2500,39671.296985
-3554.5741,2500,39686.030374
-3554.893912,2500,39708.239994
-3554.546107,2500,39730.591147
-3555.095601,2500,39747.560531
-3553.821069,2500,39769.390107
-3554.884891,2500,39785.439893
-3553.980798,2500,39809.288504
-3554.470932,2500,39831.769325
-3555.610594,2500,39846.76959
-3554.676951,2500,39870.6866
-3641.025225,2500,39895.24577
-3555.841775,2500,39909.916082
-3554.599844,2500,39936.028614
-3555.989849,2500,39951.273146
-3556.577479,2500,39973.576553
-3556.939587,2500,39997.680463
-3554.646106,2500,40011.333115
-3555.474411,2500,40036.239563
-3555.245574,2500,40051.547069
-3553.304366,2500,40073.387818
-3555.084361,2500,40098.265656
-3553.893449,2500,40111.206334
-3554.889196,2500,40136.410281
-3555.479176,2500,40149.547867
-3554.529978,2500,40175.152617
-3554.929487,2500,40199.343799
-3554.533465,2500,40211.938332
-3556.570425,2500,40236.796578
